id,title,score,num_comments,author,created_utc,url,over_18,edited,spoiler,stickied
1dl1vet,Sounds familiar?,600,38,madredditscientist,2024-06-21 11:36:08,https://i.redd.it/ovapi9jmvw7d1.png,False,False,False,False
1dime2d,NumPy 2.0,379,18,ivanovyordan,2024-06-18 09:21:49,https://i.redd.it/43mv1fvwsa7d1.gif,False,False,False,False
1dkmcvw,Classic,250,51,Traditional-Ad-8670,2024-06-20 21:00:28,https://i.redd.it/20i3t2xfjs7d1.jpeg,False,False,False,False
1dieubi,Data Engineer vs Analytics Engineer vs Data Analyst,160,48,Bubbly_Bed_4478,2024-06-18 01:34:41,https://i.redd.it/31k81vbgh87d1.jpeg,False,False,False,False
1dhl67g,Why use dbt,155,69,nydasco,2024-06-17 00:12:41,https://www.reddit.com/r/dataengineering/comments/1dhl67g/why_use_dbt/,False,False,False,False
1dj1hqs,Does the imposter syndrome ever go away?,154,107,fedranco,2024-06-18 21:04:37,https://www.reddit.com/r/dataengineering/comments/1dj1hqs/does_the_imposter_syndrome_ever_go_away/,False,False,False,False
1dkp4v2,What I've Learned After A Decade Of Data Engineering,129,10,dataengineeringdude,2024-06-20 23:02:23,https://www.confessionsofadataguy.com/what-ive-learned-after-a-decade-of-data-engineering/,False,False,False,False
1dlf7t1,Why Apache Iceberg will accelerate competition for compute engines,86,47,Teach-To-The-Tech,2024-06-21 21:30:17,https://www.reddit.com/r/dataengineering/comments/1dlf7t1/why_apache_iceberg_will_accelerate_competition/,False,False,False,False
1djgfah,Is Data Engineering more Ops than Dev?,77,62,FineAd5870,2024-06-19 11:03:36,https://www.reddit.com/r/dataengineering/comments/1djgfah/is_data_engineering_more_ops_than_dev/,False,False,False,False
1djdvnb,Enterprise AI: Beyond the Hype of Generative AI and LLMs,54,33,Outrageous_Apple_420,2024-06-19 08:09:03,https://www.reddit.com/r/dataengineering/comments/1djdvnb/enterprise_ai_beyond_the_hype_of_generative_ai/,False,False,False,False
1dlzmei,Can someone ELI5 a Airflow + Airbyte + dbt Core workflow?,55,30,PablanoPato,2024-06-22 16:34:11,https://www.reddit.com/r/dataengineering/comments/1dlzmei/can_someone_eli5_a_airflow_airbyte_dbt_core/,False,False,False,False
1dm5gom,Icebergs? What’s the big deal?,53,53,minormisgnomer,2024-06-22 21:01:17,https://www.reddit.com/r/dataengineering/comments/1dm5gom/icebergs_whats_the_big_deal/,False,False,False,False
1dhupkb,How do you orchestrate real-time workflows? ,52,44,xaii212,2024-06-17 10:19:10,https://www.reddit.com/r/dataengineering/comments/1dhupkb/how_do_you_orchestrate_realtime_workflows/,False,False,False,False
1di0owj,Thoughts on Databricks,44,33,jaina15,2024-06-17 15:21:33,https://www.reddit.com/r/dataengineering/comments/1di0owj/thoughts_on_databricks/,False,False,False,False
1dldbpm,How do you remember everything,43,31,deadprisoner,2024-06-21 20:07:40,https://www.reddit.com/r/dataengineering/comments/1dldbpm/how_do_you_remember_everything/,False,False,False,False
1dke4sl,Came across this amazing resource!,42,10,No-Blueberry2628,2024-06-20 15:15:29,https://www.reddit.com/r/dataengineering/comments/1dke4sl/came_across_this_amazing_resource/,False,False,False,False
1dittni,If I become a data engineer can I transition back to software?,42,41,Chaoscontrol9999,2024-06-18 15:44:26,https://www.reddit.com/r/dataengineering/comments/1dittni/if_i_become_a_data_engineer_can_i_transition_back/,False,False,False,False
1dlm6w3,How do you unit test a data warehouse project?,40,46,dreamingfighter,2024-06-22 03:18:26,https://www.reddit.com/r/dataengineering/comments/1dlm6w3/how_do_you_unit_test_a_data_warehouse_project/,False,False,False,False
1dmlhjx,Future of low code ETL tools,41,26,crazy_shredder,2024-06-23 12:53:25,https://www.reddit.com/r/dataengineering/comments/1dmlhjx/future_of_low_code_etl_tools/,False,False,False,False
1dj9xop,Which cloud platform is most similar to Hadoop/Spark?,37,50,Trick-Interaction396,2024-06-19 03:53:07,https://www.reddit.com/r/dataengineering/comments/1dj9xop/which_cloud_platform_is_most_similar_to/,False,False,False,False
1dm2ler,Azure or AWS?,36,42,SpecialistAd4217,2024-06-22 18:48:53,https://www.reddit.com/r/dataengineering/comments/1dm2ler/azure_or_aws/,False,False,False,False
1dhu9ma,"Cubes, SSAS and the ""Modern Data Stack"". What happened? ",34,28,No-Buy-3530,2024-06-17 09:48:38,https://www.reddit.com/r/dataengineering/comments/1dhu9ma/cubes_ssas_and_the_modern_data_stack_what_happened/,False,False,False,False
1dl52cu,Any frequent Snowpark users here?,29,16,ttothesecond,2024-06-21 14:16:04,https://www.reddit.com/r/dataengineering/comments/1dl52cu/any_frequent_snowpark_users_here/,False,False,False,False
1dju3mn,Learning Kafka,24,9,codemega,2024-06-19 21:07:55,https://www.reddit.com/r/dataengineering/comments/1dju3mn/learning_kafka/,False,False,False,False
1diseqm,An open-source tool that cleans and documents data using LLMs,25,11,Willing-Site-8137,2024-06-18 14:44:55,https://i.redd.it/50jhz7tdec7d1.png,False,False,False,False
1di08ky,"PowerBI with cloud data platform like snowflake, Databricks- how does it makes sense?",23,28,PreparationScared835,2024-06-17 15:02:47,https://www.reddit.com/r/dataengineering/comments/1di08ky/powerbi_with_cloud_data_platform_like_snowflake/,False,False,False,False
1dmht5x,Planning to propose Dagster as our data platform over Airflow. ,27,10,FastestNiceInTheEast,2024-06-23 08:46:23,https://www.reddit.com/r/dataengineering/comments/1dmht5x/planning_to_propose_dagster_as_our_data_platform/,False,False,False,False
1dhullp,The SQL IDE for Your Terminal,25,8,rmoff,2024-06-17 10:11:42,https://harlequin.sh/,False,False,False,False
1dixbbu,Snowflake as a data lake? Nutanix as a supplementary storage? Any others that could be helpful in an enterprise?,22,36,Acrobatic_Sample_552,2024-06-18 18:09:33,https://www.reddit.com/r/dataengineering/comments/1dixbbu/snowflake_as_a_data_lake_nutanix_as_a/,False,False,False,False
1djwxns,"Why do we hate Doris (the data warehouse, not the person(s))",22,29,Melodic_One4333,2024-06-19 23:11:28,https://www.reddit.com/r/dataengineering/comments/1djwxns/why_do_we_hate_doris_the_data_warehouse_not_the/,False,False,False,False
1di34ag,How important is system design knowledge for DEs? ,20,7,perfektenschlagggg,2024-06-17 17:02:10,https://www.reddit.com/r/dataengineering/comments/1di34ag/how_important_is_system_design_knowledge_for_des/,False,False,False,False
1dj1ogc,Complex vs Readability,20,17,Lower_Sun_7354,2024-06-18 21:12:24,https://www.reddit.com/r/dataengineering/comments/1dj1ogc/complex_vs_readability/,False,False,False,False
1djllmh,Will Google acquire Collibra?,18,18,BodumBowman,2024-06-19 15:13:19,https://www.reddit.com/r/dataengineering/comments/1djllmh/will_google_acquire_collibra/,False,False,False,False
1dk9zle,Any Real time Data Visualizations tool which can update per second and handle data at scale,19,19,PlantainSweaty5865,2024-06-20 12:06:36,https://www.reddit.com/r/dataengineering/comments/1dk9zle/any_real_time_data_visualizations_tool_which_can/,False,False,False,False
1djum7x,question for DEs from a backend dev,17,15,obfuscate,2024-06-19 21:29:34,https://www.reddit.com/r/dataengineering/comments/1djum7x/question_for_des_from_a_backend_dev/,False,False,False,False
1dmq7wp,Why don't many platform data products offer self hosted?,16,29,DeleteMyOldAccount,2024-06-23 16:36:38,https://www.reddit.com/r/dataengineering/comments/1dmq7wp/why_dont_many_platform_data_products_offer_self/,False,False,False,False
1dmd87u,How to get a head-start with Airflow? ,15,11,sajiDsarkaR12321,2024-06-23 03:41:35,https://www.reddit.com/r/dataengineering/comments/1dmd87u/how_to_get_a_headstart_with_airflow/,False,False,False,False
1djz8pq,Personal Project with Databricks,15,8,NoConstruction9902,2024-06-20 01:03:23,https://www.reddit.com/r/dataengineering/comments/1djz8pq/personal_project_with_databricks/,False,False,False,False
1dhkfwc,"For DE teams that use low-code tools for EL (Fivetran, Matillion, etc.), what other aspects of the job do your engineers code and/or work on other ""high-value"" problems?",17,14,muneriver,2024-06-16 23:35:03,https://www.reddit.com/r/dataengineering/comments/1dhkfwc/for_de_teams_that_use_lowcode_tools_for_el/,False,False,False,False
1dlukgj,How to evaluate and find the most promising data engineering tools,14,3,Hunt_Visible,2024-06-22 12:27:57,https://www.reddit.com/r/dataengineering/comments/1dlukgj/how_to_evaluate_and_find_the_most_promising_data/,False,False,False,False
1dlokhz,"Sentiment Analysis of Twitter Stream using Kafka , Spark , SparkMLlib",15,1,SouthAd9071,2024-06-22 05:40:24,https://www.reddit.com/r/dataengineering/comments/1dlokhz/sentiment_analysis_of_twitter_stream_using_kafka/,False,False,False,False
1dle4p6,Automation test in CICD ,14,2,ask_can,2024-06-21 20:42:36,https://www.reddit.com/r/dataengineering/comments/1dle4p6/automation_test_in_cicd/,False,False,False,False
1dl7fov,"In source control, what do you do with tables, procs, objects that aren't needed anymore and dropped in the DB?",14,19,gman1023,2024-06-21 15:58:59,https://www.reddit.com/r/dataengineering/comments/1dl7fov/in_source_control_what_do_you_do_with_tables/,False,False,False,False
1djyjq6,Snowflake to Databricks,14,6,ExistentialFajitas,2024-06-20 00:27:53,https://www.reddit.com/r/dataengineering/comments/1djyjq6/snowflake_to_databricks/,False,False,False,False
1djihnf,Fact and dim tables ,14,13,sydneysweeney69,2024-06-19 12:55:18,https://www.reddit.com/r/dataengineering/comments/1djihnf/fact_and_dim_tables/,False,False,False,False
1dk8b0s,SQL visualization tool for practice and analysis,13,3,Inevitable-Bed-5249,2024-06-20 10:27:15,https://www.reddit.com/r/dataengineering/comments/1dk8b0s/sql_visualization_tool_for_practice_and_analysis/,False,False,False,False
1dikvtd,Advice need on open-source real-time data streaming platform,15,26,vishalw007,2024-06-18 07:31:55,https://www.reddit.com/r/dataengineering/comments/1dikvtd/advice_need_on_opensource_realtime_data_streaming/,False,False,False,False
1dme3b8,Suggestions needed for trading system architecture and design,10,10,benevolent001,2024-06-23 04:32:11,https://www.reddit.com/r/dataengineering/comments/1dme3b8/suggestions_needed_for_trading_system/,False,False,False,False
1dlhiah,How much to charge for a Business Intelligence project?,11,12,lotterman23,2024-06-21 23:15:02,https://www.reddit.com/r/dataengineering/comments/1dlhiah/how_much_to_charge_for_a_business_intelligence/,False,False,False,False
1dkqjxp,MWAA Tutorial Way Too Much Overhead or Am I Just Lazy,12,8,ASBrainBeast,2024-06-21 00:08:40,https://www.reddit.com/r/dataengineering/comments/1dkqjxp/mwaa_tutorial_way_too_much_overhead_or_am_i_just/,False,False,False,False
1dkbc2f,DE with travel opportunities?,11,13,data-punk,2024-06-20 13:14:12,https://www.reddit.com/r/dataengineering/comments/1dkbc2f/de_with_travel_opportunities/,False,False,False,False
1divjdv,Is AWS Cloud Practitioner Worth It for Data Engineering Jobs?,9,11,ravashde,2024-06-18 16:56:08,https://www.reddit.com/r/dataengineering/comments/1divjdv/is_aws_cloud_practitioner_worth_it_for_data/,False,False,False,False
1dkfnep,Airbyte Extremely Slow for Large Tables,10,19,TetrapodTyranny,2024-06-20 16:18:29,https://www.reddit.com/r/dataengineering/comments/1dkfnep/airbyte_extremely_slow_for_large_tables/,False,False,False,False
1dinqod,Need a faster and cheaper compute resource for processing data stored in snowflake ,9,35,LucaMarko,2024-06-18 10:51:20,https://www.reddit.com/r/dataengineering/comments/1dinqod/need_a_faster_and_cheaper_compute_resource_for/,False,False,False,False
1dilie1,What are your takes on Nightshift?,10,15,Clear-Blacksmith-650,2024-06-18 08:16:33,https://www.reddit.com/r/dataengineering/comments/1dilie1/what_are_your_takes_on_nightshift/,False,False,False,False
1dmsi07,"Dagster, FiveTran, DBT Cloud and Snowflake?",10,44,Einfinitez,2024-06-23 18:17:40,https://www.reddit.com/r/dataengineering/comments/1dmsi07/dagster_fivetran_dbt_cloud_and_snowflake/,False,False,False,False
1dlst5u,Aws ingestion ,9,4,sydneysweeney69,2024-06-22 10:38:25,https://www.reddit.com/r/dataengineering/comments/1dlst5u/aws_ingestion/,False,False,False,False
1dkdr0m,Advice for brand new tech lead,9,3,Suspicious_World9906,2024-06-20 15:00:09,https://www.reddit.com/r/dataengineering/comments/1dkdr0m/advice_for_brand_new_tech_lead/,False,False,False,False
1djgqoj,Providing data via direct DB connection or API .... is one necessarily better?,9,7,danielrosehill,2024-06-19 11:22:48,https://www.reddit.com/r/dataengineering/comments/1djgqoj/providing_data_via_direct_db_connection_or_api_is/,False,False,False,False
1dhto36,Architecture as code vs regular implementation,9,20,Spoovalicious,2024-06-17 09:04:32,https://www.reddit.com/r/dataengineering/comments/1dhto36/architecture_as_code_vs_regular_implementation/,False,False,False,False
1dl8eoc,Anyone implementing [Synapse Link] for Dynamics F&O?,9,12,cdigioia,2024-06-21 16:39:45,https://www.reddit.com/r/dataengineering/comments/1dl8eoc/anyone_implementing_synapse_link_for_dynamics_fo/,False,False,False,False
1dkq6bq,Which database to invest data from into your warehouse / lakehouse?,6,7,neutralginhotel,2024-06-20 23:51:01,https://www.reddit.com/r/dataengineering/comments/1dkq6bq/which_database_to_invest_data_from_into_your/,False,False,False,False
1dk6ce6,"PySpark, question about aggregation with multiple partitions..",7,3,Traditional_Job9599,2024-06-20 08:06:23,https://www.reddit.com/r/dataengineering/comments/1dk6ce6/pyspark_question_about_aggregation_with_multiple/,False,False,False,False
1dipf0w,Where to go from principal?,7,11,Dry_Inflation307,2024-06-18 12:26:24,https://www.reddit.com/r/dataengineering/comments/1dipf0w/where_to_go_from_principal/,False,False,False,False
1dmtk47,Processing and Inserting Large sets of data into Postgres with Python,8,24,kvngmax1,2024-06-23 19:05:03,https://www.reddit.com/r/dataengineering/comments/1dmtk47/processing_and_inserting_large_sets_of_data_into/,False,False,False,False
1dm05fg,Switching ETL from ssis ,8,12,Zestyclose-Ad-9951,2024-06-22 16:58:15,https://www.reddit.com/r/dataengineering/comments/1dm05fg/switching_etl_from_ssis/,False,False,False,False
1dkyrmq,Help building data pipelines ,7,11,Hacg123,2024-06-21 08:07:09,https://www.reddit.com/r/dataengineering/comments/1dkyrmq/help_building_data_pipelines/,False,False,False,False
1dk8oac,CICD ADF - Multiple teams ,8,6,Curious_Gur9574,2024-06-20 10:51:06,https://www.reddit.com/r/dataengineering/comments/1dk8oac/cicd_adf_multiple_teams/,False,False,False,False
1dk085t,Tool for OCR'ing receipts,7,3,morficus,2024-06-20 01:54:07,https://www.reddit.com/r/dataengineering/comments/1dk085t/tool_for_ocring_receipts/,False,False,False,False
1dht5my,A Guide to Dagster IO Managers: Implement a Redshift IO Manager,8,2,MisterHide,2024-06-17 08:27:24,https://bitestreams.com/blog/dagster-io-manager/,False,False,False,False
1dm2c4p,Documentations,5,15,Conscious_Awareness6,2024-06-22 18:37:18,https://www.reddit.com/r/dataengineering/comments/1dm2c4p/documentations/,False,False,False,False
1dlxbx2,Aspiring DE needs guidance for first personal project,6,4,g4nymede_,2024-06-22 14:48:26,https://www.reddit.com/r/dataengineering/comments/1dlxbx2/aspiring_de_needs_guidance_for_first_personal/,False,False,False,False
1dlr1bc,Delta Live Table Latency Metrics?,6,7,lexsiga,2024-06-22 08:30:50,https://www.reddit.com/r/dataengineering/comments/1dlr1bc/delta_live_table_latency_metrics/,False,False,False,False
1dl8jts,Optimise Athena and S3 when returning millions of rows,6,20,StatPie,2024-06-21 16:45:59,https://www.reddit.com/r/dataengineering/comments/1dl8jts/optimise_athena_and_s3_when_returning_millions_of/,False,False,False,False
1dl5ngz,AWS Athena for customer facing apps,5,17,detinho_,2024-06-21 14:41:41,https://www.reddit.com/r/dataengineering/comments/1dl5ngz/aws_athena_for_customer_facing_apps/,False,False,False,False
1dksgpb,Data Team Set up,5,2,Ok-Piccolo106,2024-06-21 01:46:39,https://www.reddit.com/r/dataengineering/comments/1dksgpb/data_team_set_up/,False,False,False,False
1dixy28,Open source Data lake ,6,5,Jebin1999,2024-06-18 18:35:53,https://www.reddit.com/r/dataengineering/comments/1dixy28/open_source_data_lake/,False,False,False,False
1dijhu1,"Slowly changing dimension type 2 (scd2) at load time: How to, why, why not, and colab implementation example.",6,5,Thinker_Assignment,2024-06-18 05:56:01,https://www.reddit.com/r/dataengineering/comments/1dijhu1/slowly_changing_dimension_type_2_scd2_at_load/,False,False,False,False
1di3m0e,Data Platform Design courses,7,2,CommitteeQueasy428,2024-06-17 17:22:03,https://www.reddit.com/r/dataengineering/comments/1di3m0e/data_platform_design_courses/,False,False,False,False
1di1zik,Has anyone actually gotten PyBeam + Kafka + K8s to work?,6,13,shepzuck,2024-06-17 16:14:56,https://www.reddit.com/r/dataengineering/comments/1di1zik/has_anyone_actually_gotten_pybeam_kafka_k8s_to/,False,False,False,False
1dmafgg,Debezium into kinesis? ,4,9,None,2024-06-23 01:03:55,https://www.reddit.com/r/dataengineering/comments/1dmafgg/debezium_into_kinesis/,False,False,False,False
1dm4j14,Exploring Data Ontology and Data Provenance: Key to Better Data Management and Compliance,4,1,shreesrinivasan,2024-06-22 20:18:39,https://www.reddit.com/r/dataengineering/comments/1dm4j14/exploring_data_ontology_and_data_provenance_key/,False,False,False,False
1dl3ek9,Data Modelling in Modern Cloud Data Warehouses,4,0,Nice_Substance_6594,2024-06-21 12:58:29,https://www.reddit.com/r/dataengineering/comments/1dl3ek9/data_modelling_in_modern_cloud_data_warehouses/,False,False,False,False
1djhuyh,Snowflake VS Databricsk: How to Survive The Giants War,6,1,ivanovyordan,2024-06-19 12:24:08,https://datagibberish.com/p/snwoflake-databricks-war-predictions?r=odlo3&utm_campaign=post&utm_medium=web,False,False,False,False
1diozyc,DuckDb vs Spark,5,5,Deep-Shape-323,2024-06-18 12:04:08,https://www.reddit.com/r/dataengineering/comments/1diozyc/duckdb_vs_spark/,False,False,False,False
1die4n8,How have you seen DistCp implemented?,5,1,Grouchy-Touch-6570,2024-06-18 00:58:19,https://www.reddit.com/r/dataengineering/comments/1die4n8/how_have_you_seen_distcp_implemented/,False,False,False,False
1dmnsgn,Suggestion needed for a semantic layer on top of dynamic reporting tables.,5,5,string111,2024-06-23 14:47:43,https://www.reddit.com/r/dataengineering/comments/1dmnsgn/suggestion_needed_for_a_semantic_layer_on_top_of/,False,False,False,False
1dmk9g1,Supporting client’s infrastructure,5,1,ctr_sk8,2024-06-23 11:41:06,https://www.reddit.com/r/dataengineering/comments/1dmk9g1/supporting_clients_infrastructure/,False,False,False,False
1dmfnps,Design data movement,4,2,Stock-Dark-1663,2024-06-23 06:14:01,https://www.reddit.com/r/dataengineering/comments/1dmfnps/design_data_movement/,False,False,False,False
1dm4wn7,Data security for freelance,4,0,popeofdiscord,2024-06-22 20:35:43,https://www.reddit.com/r/dataengineering/comments/1dm4wn7/data_security_for_freelance/,False,False,False,False
1dkw4rc,Need recommendations for MDM tools with free-trial available ,5,11,Witty_Marionberry_85,2024-06-21 05:10:27,https://www.reddit.com/r/dataengineering/comments/1dkw4rc/need_recommendations_for_mdm_tools_with_freetrial/,False,False,False,False
1dkihrv,Address Data Model,3,1,plodder_hordes,2024-06-20 18:16:30,https://www.reddit.com/r/dataengineering/comments/1dkihrv/address_data_model/,False,False,False,False
1dk7n3c,Which tool to monitor and trigger HPC jobs ?,5,3,tobiasF356,2024-06-20 09:41:52,https://www.reddit.com/r/dataengineering/comments/1dk7n3c/which_tool_to_monitor_and_trigger_hpc_jobs/,False,False,False,False
1dk3hm4,Need a collaborator to co-produce courses on Data Engineering topics,4,1,gitcommitshow,2024-06-20 04:54:24,https://www.reddit.com/r/dataengineering/comments/1dk3hm4/need_a_collaborator_to_coproduce_courses_on_data/,False,False,False,False
1djetqi,Opinions on designing an ETL pipeline (for college),4,18,Relevant-Insect49,2024-06-19 09:17:58,https://www.reddit.com/r/dataengineering/comments/1djetqi/opinions_on_designing_an_etl_pipeline_for_college/,False,False,False,False
1dj73gq,To what extent is Spark used for data science/engineering? ,3,6,DiabloSpear,2024-06-19 01:22:24,https://www.reddit.com/r/dataengineering/comments/1dj73gq/to_what_extent_is_spark_used_for_data/,False,False,False,False
1dixzxj,Databricks organization,4,5,Lower_Sun_7354,2024-06-18 18:38:05,https://www.reddit.com/r/dataengineering/comments/1dixzxj/databricks_organization/,False,False,False,False
1di5owf,Looking for clarity on building data models and popular approaches,5,10,nayosmayo,2024-06-17 18:49:09,https://www.reddit.com/r/dataengineering/comments/1di5owf/looking_for_clarity_on_building_data_models_and/,False,False,False,False
1dhkyed,Want to hear others’ on the unrealistic expectations of a project I pulled myself off of (apologies for the length),3,5,ExtremeLevel1081,2024-06-17 00:01:25,https://www.reddit.com/r/dataengineering/comments/1dhkyed/want_to_hear_others_on_the_unrealistic/,False,False,False,False
1dmx9ya,How to break the spark/scala barrier,3,5,prakharcode,2024-06-23 21:51:07,https://www.reddit.com/r/dataengineering/comments/1dmx9ya/how_to_break_the_sparkscala_barrier/,False,False,False,False
